{"loss": [20.938342094421387], "mean_absolute_error": [9.7616548538208], "mean_q": [42.77703857421875], "episode_reward": [1.0], "nb_episode_steps": [13], "nb_steps": [13], "episode": [0], "duration": [64.04768301800505]}