{"loss": [0, 0, 0, 0, 146298.13916184768, 79271.046875, 21459.482421875], "mean_absolute_error": [0, 0, 0, 0, 240.87117834361095, 352.6511535644531, 565.1759033203125], "mean_q": [0, 0, 0, 0, 606.2818280570912, 1131.826171875, 1657.313720703125], "episode_reward": [1.0, 1.0, 1.0, 1.0, 215.5, 615.0, 4.5], "nb_episode_steps": [1, 1, 1, 1, 431, 1230, 9], "nb_steps": [1, 2, 3, 4, 435, 1665, 1674], "episode": [0, 1, 2, 3, 4, 5, 6], "duration": [81.9384767340016, 92.68621282400272, 97.99576111300121, 98.23182575999817, 324.01817748900066, 2178.9334763720035, 16.174072408997745]}